feature1,feature2,feature3,target
9.2,11.4,13.6,1
6.1,8.3,10.5,0
12.1,14.3,16.5,0
4.1,6.3,8.5,0
19.2,21.4,23.6,1
17.2,19.4,21.6,1
14.1,16.3,18.5,0
3.2,5.4,7.6,1
10.1,12.3,14.5,0
20.1,22.3,24.5,0
5.2,7.4,9.6,1
13.2,15.4,17.6,1
8.1,10.3,12.5,0
11.2,13.4,15.6,1
15.2,17.4,19.6,1
7.2,9.4,11.6,1
